age_Kruijssen,Fe/H,O/Fe,F275W,F275W_abs,F336W,F336W_abs,F435W,F435W_abs,F606W,F606W_abs,F814W,F814W_abs
12.52,-0.744,0.368,18.8476,5.571427465,15.6995,2.423327465,15.3167,2.040527465,13.6429,0.366727465,12.8017,-0.474472535
12.52,-0.772,-0.208,18.2918,5.015627465,15.7501,2.473927465,14.7112,1.435027465,13.2976,0.021427465,12.4313,-0.844872535
12.52,-0.817,0.054,18.5597,5.283527465,15.5374,2.261227465,14.1402,0.864027465,12.5658,-0.710372535,11.6241,-1.652072535
12.52,-0.741,0.347,18.2713,4.995127465,15.7442,2.468027465,14.9616,1.685427465,13.6685,0.392327465,12.802,-0.474172535
12.52,-0.679,-0.034,18.2645,4.988327465,15.5059,2.229727465,13.9932,0.717027465,12.3103,-0.965872535,11.3128,-1.963372535
12.52,-0.787,0.138,18.8156,5.539427465,15.589,2.312827465,14.0887,0.812527465,12.4808,-0.795372535,11.4993,-1.776872535
12.52,-0.75,0.294,18.5912,5.315027465,15.4941,2.217927465,14.1848,0.908627465,12.6576,-0.618572535,11.7145,-1.561672535
12.52,-0.764,0.003,18.8583,5.582127465,15.5167,2.240527465,13.7398,0.463627465,12.0098,-1.266372535,10.9901,-2.286072535
12.52,-0.783,0.089,18.4295,5.153327465,15.5566,2.280427465,14.1951,0.918927465,12.6376,-0.638572535,11.6955,-1.580672535
12.52,-0.78,0.114,18.2235,4.947327465,15.8427,2.566527465,14.9158,1.639627465,13.577,0.300827465,12.7401,-0.536072535
12.52,-0.794,0.325,18.3322,5.056027465,16.1734,2.897227465,15.484,2.207827465,14.2514,0.975227465,13.4622,0.186027465
12.52,-0.744,0.368000001,18.8476,5.571427465,15.6995,2.423327465,15.3167,2.040527465,13.6429,0.366727465,12.8017,-0.474472535
12.52,-0.817,0.054000001,18.5597,5.283527465,15.5374,2.261227465,14.1402,0.864027465,12.5658,-0.710372535,11.6241,-1.652072535
12.52,-0.679,-0.034000002,18.2645,4.988327465,15.5059,2.229727465,13.9932,0.717027465,12.3103,-0.965872535,11.3128,-1.963372535
12.52,-0.787,0.112318946,18.8156,5.539427465,15.589,2.312827465,14.0887,0.812527465,12.4808,-0.795372535,11.4993,-1.776872535
12.52,-0.75,0.241053702,18.5912,5.315027465,15.4941,2.217927465,14.1848,0.908627465,12.6576,-0.618572535,11.7145,-1.561672535
12.52,-0.779,0.409000009,18.7736,5.497427465,15.4416,2.165427465,13.7323,0.456127465,12.0009,-1.275272535,10.982,-2.294172535
12.52,-0.78,0.092513602,18.2235,4.947327465,15.8427,2.566527465,14.9158,1.639627465,13.577,0.300827465,12.7401,-0.536072535
11.54,-1.213,0.302,18.6949,3.926584681,15.9644,1.196084681,15.0652,0.296884681,13.5954,-1.172915319,12.6846,-2.083715319
11.54,-1.335,-0.171,18.5007,3.732384681,16.0048,1.236484681,15.0584,0.290084681,13.5998,-1.168515319,12.7059,-2.062415319
11.54,-1.317,0.047,18.522,3.753684681,16.0096,1.241284681,15.0788,0.310484681,13.6055,-1.162815319,12.7164,-2.051915319
11.54,-1.183,0.377,18.6844,3.916084681,16.0361,1.267784681,15.1303,0.361984681,13.6223,-1.146015319,12.7163,-2.052015319
11.54,-1.253,0.049,18.3557,3.587384681,16.1687,1.400384681,15.4939,0.725584681,14.1916,-0.576715319,13.355,-1.413315319
11.54,-1.18,0.066,18.395,3.626684681,16.499,1.730684681,16.0059,1.237584681,14.7671,-0.001215319,14.0044,-0.763915319
11.54,-1.206,-0.023,18.4805,3.712184681,16.5934,1.825084681,16.3127,1.544384681,15.1538,0.385484681,14.3945,-0.373815319
11.54,-1.247,-0.184,18.4288,3.660484681,16.6711,1.902784681,16.363,1.594684681,15.257,0.488684681,14.5137,-0.254615319
11.54,-1.242,0.426,18.5392,3.770884681,16.6509,1.882584681,16.4174,1.649084681,15.2959,0.527584681,14.536,-0.232315319
11.54,-1.196,0.059,18.4661,3.697784681,16.8239,2.055584681,16.5557,1.787384681,15.4989,0.730584681,14.7575,-0.010815319
11.54,-1.233,0.546,18.4612,3.692884681,16.9199,2.151584681,16.6518,1.883484681,15.5801,0.811784681,14.8487,0.080384681
11.54,-1.204,0.23,18.593,3.824684681,16.8096,2.041284681,16.6496,1.881284681,15.5781,0.809784681,14.8491,0.080784681
11.54,-1.179,0.097,18.6235,3.855184681,16.9359,2.167584681,16.7704,2.002084681,15.6853,0.916984681,14.9527,0.184384681
11.54,-1.233,0.04,18.4649,3.696584681,16.8686,2.100284681,16.7587,1.990384681,15.7626,0.994284681,15.0612,0.292884681
10.87,-1.176,0.16,18.5908,3.861242416,16.1884,1.458842416,15.3185,0.588942416,13.883,-0.846557584,13.0138,-1.715757584
10.87,-1.259,0.17,17.8851,3.155542416,15.9097,1.180142416,15.5031,0.773542416,14.3515,-0.378057584,13.5798,-1.149757584
10.87,-1.123,0.11,18.5391,3.809542416,16.5034,1.773842416,16.1529,1.423342416,14.9623,0.232742416,14.1761,-0.553457584
10.87,-1.138,0.11,18.4638,3.734242416,16.1633,1.433742416,15.4733,0.743742416,14.1167,-0.612857584,13.2678,-1.461757584
10.87,-1.176,0.21,18.5036,3.774042416,16.6667,1.937142416,16.3364,1.606842416,15.1951,0.465542416,14.4402,-0.289357584
10.87,-1.21,0.05,18.3886,3.659042416,16.2363,1.506742416,15.6211,0.891542416,14.3237,-0.405857584,13.5136,-1.215957584
10.87,-1.174,-0.21,18.7871,4.057542416,16.065,1.335442416,14.697,-0.032557584,12.9614,-1.768157584,11.9572,-2.772357584
10.87,-1.115,-0.28,18.5272,3.797642416,16.3865,1.656942416,15.6098,0.880242416,14.172,-0.557557584,13.3557,-1.373857584
10.87,-1.206,0.24,18.7201,3.990542416,15.9868,1.257242416,15.0088,0.279242416,13.4639,-1.265657584,12.5252,-2.204357584
10.87,-1.108,0.13,18.1694,3.439842416,16.1076,1.378042416,15.5528,0.823242416,14.223,-0.506557584,13.3905,-1.339057584
10.87,-1.219,0.07,18.754,4.024442416,16.0279,1.298342416,14.7689,0.039342416,13.1339,-1.595657584,12.1729,-2.556657584
10.87,-1.101,0.28,19.1417,4.412142416,16.1247,1.395142416,14.5584,-0.171157584,12.6904,-2.039157584,11.6209,-3.108657584
10.87,-1.158,0.28,19.0357,4.306142416,15.9903,1.260742416,14.6447,-0.084857584,12.9097,-1.819857584,11.8906,-2.838957584
10.87,-1.151,-0.16,19.2973,4.567742416,16.4861,1.756542416,14.6349,-0.094657584,12.6971,-2.032457584,11.5386,-3.190957584
10.87,-1.176,0.130473847,18.5908,3.861242416,16.1884,1.458842416,15.3185,0.588942416,13.883,-0.846557584,13.0138,-1.715757584
10.87,-1.259,0.138726079,17.8851,3.155542416,15.9097,1.180142416,15.5031,0.773542416,14.3515,-0.378057584,13.5798,-1.149757584
10.87,-1.138,0.08921271,18.4638,3.734242416,16.1633,1.433742416,15.4733,0.743742416,14.1167,-0.612857584,13.2678,-1.461757584
10.87,-1.21,0.050000001,18.3886,3.659042416,16.2363,1.506742416,15.6211,0.891542416,14.3237,-0.405857584,13.5136,-1.215957584
10.87,-1.174,-0.209999993,18.7871,4.057542416,16.065,1.335442416,14.697,-0.032557584,12.9614,-1.768157584,11.9572,-2.772357584
10.87,-1.115,-0.280000001,18.5272,3.797642416,16.3865,1.656942416,15.6098,0.880242416,14.172,-0.557557584,13.3557,-1.373857584
10.87,-1.206,0.196491668,18.7201,3.990542416,15.9868,1.257242416,15.0088,0.279242416,13.4639,-1.265657584,12.5252,-2.204357584
10.87,-1.108,0.105717163,18.1694,3.439842416,16.1076,1.378042416,15.5528,0.823242416,14.223,-0.506557584,13.3905,-1.339057584
10.87,-1.219,0.07,18.754,4.024442416,16.0279,1.298342416,14.7689,0.039342416,13.1339,-1.595657584,12.1729,-2.556657584
10.87,-1.158,0.229500584,19.0357,4.306142416,15.9903,1.260742416,14.6447,-0.084857584,12.9097,-1.819857584,11.8906,-2.838957584
10.83,-1.32,0.550000012,20.3377,4.26348076,17.2627,1.18848076,15.6807,-0.39351924,13.7986,-2.27561924,12.7563,-3.31791924
10.83,-1.38,0.469999999,19.6708,3.59658076,17.8815,1.80728076,17.3596,1.28538076,16.0011,-0.07311924,15.2365,-0.83771924
10.83,-1.26,0.050000001,19.7189,3.64468076,17.2062,1.13198076,16.0739,-0.00031924,14.5082,-1.56601924,13.5798,-2.49441924
10.83,-1.31,0.389999986,20.329,4.25478076,17.3729,1.29868076,15.7468,-0.32741924,13.8499,-2.22431924,12.7971,-3.27711924
10.83,-1.22,0.163482764,19.745,3.67078076,17.3872,1.31298076,16.4222,0.34798076,14.9394,-1.13481924,14.0659,-2.00831924
10.83,-1.38,0.639999986,19.6368,3.56258076,17.2979,1.22368076,16.582,0.50778076,15.2012,-0.87301924,14.3522,-1.72201924
10.83,-1.31,0.21299612,20.0482,3.97398076,17.2277,1.15348076,15.7864,-0.28781924,14.0686,-2.00561924,13.0726,-3.00161924
10.83,-1.41,0.620000005,19.4689,3.39468076,17.4481,1.37388076,17.0506,0.97638076,15.8458,-0.22841924,15.057,-1.01721924
10.83,-1.28,0.479999989,20.029,3.95478076,17.2148,1.14058076,15.9171,-0.15711924,14.2637,-1.81051924,13.2842,-2.79001924
10.83,-1.3,0.310000002,19.6911,3.61688076,17.2174,1.14318076,16.2432,0.16898076,14.774,-1.30021924,13.8827,-2.19151924
10.83,-1.33,0.560000002,20.3617,4.28748076,17.2339,1.15968076,15.6684,-0.40581924,13.793,-2.28121924,12.7359,-3.33831924
10.83,-1.21,0.097464937,19.6461,3.57188076,17.3855,1.31128076,16.5256,0.45138076,15.1296,-0.94461924,14.2753,-1.79891924
10.83,-1.32,0.579999983,19.6584,3.58418076,17.1273,1.05308076,16.3173,0.24308076,14.9161,-1.15811924,14.029,-2.04521924
10.9,-1.144,0.156,20.2288,5.215810096,17.2495,2.236510096,15.911,0.898010096,14.0652,-0.947789904,12.9362,-2.076789904
10.9,-1.157,-0.422,19.8226,4.809610096,17.2092,2.196210096,15.9523,0.939310096,14.1692,-0.843789904,13.0935,-1.919489904
10.9,-1.141,0.075,19.8637,4.850710096,17.2858,2.272810096,16.3569,1.343910096,14.7507,-0.262289904,13.7149,-1.298089904
10.9,-1.184,0.34,20.7483,5.735310096,17.6332,2.620210096,15.4386,0.425610096,12.8163,-2.196689904,11.0615,-3.951489904
10.9,-1.13,-0.736,19.9865,4.973510096,17.9252,2.912210096,17.248,2.235010096,15.1832,0.170210096,14.2064,-0.806589904
10.9,-1.097,-0.593,19.6078,4.594810096,17.1692,2.156210096,15.9594,0.946410096,13.7737,-1.239289904,12.7154,-2.297589904
10.9,-1.15,0.28,20.1753,5.162310096,17.3947,2.381710096,16.4081,1.395110096,14.4901,-0.522889904,13.4276,-1.585389904
10.9,-1.106,0.037,20.127,5.114010096,17.192,2.179010096,15.834,0.821010096,13.9443,-1.068689904,12.825,-2.187989904
10.9,-1.155,0.156,19.9596,4.946610096,17.3052,2.292210096,16.2513,1.238310096,14.4655,-0.547489904,13.4247,-1.588289904
10.9,-1.117,0.012,20.2776,5.264610096,17.2407,2.227710096,15.7668,0.753810096,13.8601,-1.152889904,12.6939,-2.319089904
10.9,-1.184,-0.834,19.9941,4.981110096,17.1956,2.182610096,15.7241,0.711110096,13.761,-1.251989904,12.6387,-2.374289904
10.9,-1.118,0.335,20.8929,5.879910096,17.8754,2.862410096,15.5767,0.563710096,12.9429,-2.070089904,11.5102,-3.502789904
10.9,-1.144,0.212,20.3569,5.343910096,17.2401,2.227110096,15.7616,0.748610096,13.7017,-1.311289904,12.5621,-2.450889904
10.9,-1.172,0.19,20.2211,5.208110096,17.3742,2.361210096,16.1422,1.129210096,14.1832,-0.829789904,13.096,-1.916989904
10.9,-1.135,0.376,20.8357,5.822710096,17.631,2.618010096,15.3704,0.357410096,12.8287,-2.184289904,11.4209,-3.592089904
10.9,-1.141,-0.138,21.3513,6.338310096,18.1078,3.094810096,15.5042,0.491210096,13.1025,-1.910489904,11.8413,-3.171689904
10.9,-1.171,0.162,19.8701,4.857110096,17.3095,2.296510096,16.3433,1.330310096,14.6187,-0.394289904,13.5967,-1.416289904
10.9,-1.171,0.273,19.7852,4.772210096,17.2354,2.222410096,16.4293,1.416310096,14.8574,-0.155589904,13.831,-1.181989904
10.9,-1.18,0.029,20.5956,5.582610096,17.6249,2.611910096,16.2955,1.282510096,14.0165,-0.996489904,12.8641,-2.148889904
10.9,-1.134,0.415,19.9798,4.966810096,17.1602,2.147210096,15.9963,0.983310096,14.1752,-0.837789904,13.1,-1.912989904
10.9,-1.173,0.282,20.6274,5.614410096,17.8313,2.818310096,15.4643,0.451310096,13.2291,-1.783889904,11.7115,-3.301489904
10.9,-1.178,0.374,20.1433,5.130310096,17.5222,2.509210096,15.4538,0.440810096,12.3361,-2.676889904,10.8173,-4.195689904
10.9,-1.214,0.357,20.6909,5.677910096,17.4914,2.478410096,15.4366,0.423610096,12.972,-2.040989904,11.6216,-3.391389904
10.9,-1.153,0.344,20.1251,5.112110096,17.0858,2.072810096,15.706,0.693010096,13.851,-1.161989904,12.7334,-2.279589904
10.9,-1.137,-0.595,19.9021,4.889110096,17.2702,2.257210096,15.8224,0.809410096,13.8604,-1.152589904,12.7324,-2.280589904
10.9,-1.148,-0.125,20.335,5.322010096,17.6436,2.630610096,15.4774,0.464410096,12.9845,-2.028489904,11.5788,-3.434189904
10.9,-1.134,0.277,20.5426,5.529610096,17.2915,2.278510096,15.9327,0.919710096,13.8967,-1.116289904,12.7553,-2.257689904
10.9,-1.111,0.259,20.0013,4.988310096,17.2035,2.190510096,16.1345,1.121510096,14.3716,-0.641389904,13.3018,-1.711189904
10.9,-1.153,0.034,20.0071,4.994110096,17.2148,2.201810096,15.9513,0.938310096,14.047,-0.965989904,12.9463,-2.066689904
10.9,-1.151,-0.439,19.8807,4.867710096,17.2257,2.212710096,15.9271,0.914110096,14.1039,-0.909089904,13.0059,-2.007089904
10.9,-1.147,0.341,20.3694,5.356410096,17.2156,2.202610096,15.4434,0.430410096,13.2304,-1.782589904,11.9997,-3.013289904
10.9,-1.122,0.32,19.9655,4.952510096,17.1364,2.123410096,16.0905,1.077510096,14.3833,-0.629689904,13.2819,-1.731089904
10.9,-1.113,0.344,19.9529,4.939910096,17.5071,2.494110096,16.8276,1.814610096,15.1009,0.087910096,14.1039,-0.909089904
10.9,-1.168,0.344,19.725,4.712010096,17.3135,2.300510096,16.6031,1.590110096,15.0843,0.071310096,14.0822,-0.930789904
10.9,-1.096,-0.082,19.7826,4.769610096,17.2806,2.267610096,16.1689,1.155910096,14.4609,-0.552089904,13.4042,-1.608789904
10.9,-1.128,0.236927592,20.2288,5.215810096,17.2495,2.236510096,15.911,0.898010096,14.0652,-0.947789904,12.9362,-2.076789904
10.9,-1.127,0.300999999,19.8226,4.809610096,17.2092,2.196210096,15.9523,0.939310096,14.1692,-0.843789904,13.0935,-1.919489904
10.9,-1.157,-0.421999991,19.6676,4.654610096,17.2588,2.245810096,16.1618,1.148810096,14.4589,-0.554089904,13.4163,-1.596689904
10.9,-1.178,0.374000013,20.7483,5.735310096,17.6332,2.620210096,15.4386,0.425610096,12.8163,-2.196689904,11.0615,-3.951489904
10.9,-1.115,0.398000002,19.9865,4.973510096,17.9252,2.912210096,17.248,2.235010096,15.1832,0.170210096,14.2064,-0.806589904
10.9,-1.098,-0.875,20.2309,5.217910096,17.154,2.141010096,15.584,0.571010096,13.6488,-1.364189904,12.4725,-2.540489904
10.9,-1.15,0.229500584,20.127,5.114010096,17.192,2.179010096,15.834,0.821010096,13.9443,-1.068689904,12.825,-2.187989904
10.9,-1.106,0.037,19.9596,4.946610096,17.3052,2.292210096,16.2513,1.238310096,14.4655,-0.547489904,13.4247,-1.588289904
10.9,-1.155,0.127172961,19.7245,4.711510096,17.221,2.208010096,16.0601,1.047110096,14.3456,-0.667389904,13.2853,-1.727689904
10.9,-1.117,0.012,19.9941,4.981110096,17.1956,2.182610096,15.7241,0.711110096,13.761,-1.251989904,12.6387,-2.374289904
10.9,-1.148,-0.125,20.8929,5.879910096,17.8754,2.862410096,15.5767,0.563710096,12.9429,-2.070089904,11.5102,-3.502789904
10.9,-1.184,-0.833999991,19.8135,4.800510096,17.2078,2.194810096,15.88,0.867010096,13.9768,-1.036189904,12.8815,-2.131489904
10.9,-1.123,-0.726000011,20.2211,5.208110096,17.3742,2.361210096,16.1422,1.129210096,14.1832,-0.829789904,13.096,-1.916989904
10.9,-1.137,0.161832315,21.3513,6.338310096,18.1078,3.094810096,15.5042,0.491210096,13.1025,-1.910489904,11.8413,-3.171689904
10.9,-1.171,0.132124296,19.7852,4.772210096,17.2354,2.222410096,16.4293,1.416310096,14.8574,-0.155589904,13.831,-1.181989904
10.9,-1.101,-0.485000014,20.5956,5.582610096,17.6249,2.611910096,16.2955,1.282510096,14.0165,-0.996489904,12.8641,-2.148889904
10.9,-1.118,0.335000008,20.6909,5.677910096,17.4914,2.478410096,15.4366,0.423610096,12.972,-2.040989904,11.6216,-3.391389904
10.9,-1.153,0.344000012,19.3948,4.381810096,17.4427,2.429710096,16.7131,1.700110096,15.2545,0.241510096,14.2848,-0.728189904
10.9,-1.137,-0.595000029,20.3627,5.349710096,17.2439,2.230910096,15.6787,0.665710096,13.9427,-1.070289904,12.852,-2.160989904
10.9,-1.141,-0.137999997,20.335,5.322010096,17.6436,2.630610096,15.4774,0.464410096,12.9845,-2.028489904,11.5788,-3.434189904
10.9,-1.12,-0.912999988,20.5426,5.529610096,17.2915,2.278510096,15.9327,0.919710096,13.8967,-1.116289904,12.7553,-2.257689904
10.9,-1.134,0.227024923,19.7228,4.709810096,17.4489,2.435910096,16.6786,1.665610096,15.1575,0.144510096,14.1567,-0.856289904
10.9,-1.111,0.212170908,20.0071,4.994110096,17.2148,2.201810096,15.9513,0.938310096,14.047,-0.965989904,12.9463,-2.066689904
10.9,-1.153,0.034000002,19.8807,4.867710096,17.2257,2.212710096,15.9271,0.914110096,14.1039,-0.909089904,13.0059,-2.007089904
10.9,-1.148,0.213821357,19.9655,4.952510096,17.1364,2.123410096,16.0905,1.077510096,14.3833,-0.629689904,13.2819,-1.731089904
10.9,-1.147,0.340999991,20.379,5.366010096,17.2906,2.277610096,16.0031,0.990110096,14.0561,-0.956889904,12.9474,-2.065589904
10.9,-1.135,0.155230531,19.929,4.916010096,17.1963,2.183310096,16.2216,1.208610096,14.5374,-0.475589904,13.4707,-1.542289904
10.9,-1.153,0.086000003,19.725,4.712010096,17.3135,2.300510096,16.6031,1.590110096,15.0843,0.071310096,14.0822,-0.930789904
10.9,-1.124,0.028000001,19.78,4.767010096,17.1886,2.175610096,15.8291,0.816110096,13.9238,-1.089189904,12.8315,-2.181489904
10.9,-1.069,0.317000002,19.6492,4.636210096,17.4205,2.407510096,16.602,1.589010096,15.0744,0.061410096,14.0739,-0.939089904
11.25,-1.545,-0.637,18.0968,4.719283076,15.7472,2.369683076,14.7297,1.352183076,13.0907,-0.286816924,11.9865,-1.391016924
11.25,-1.43,0.373,18.4266,5.049083076,16.3737,2.996183076,15.9226,2.545083076,14.4542,1.076683076,13.4647,0.087183076
11.25,-1.551,-0.032,18.0742,4.696683076,16.2723,2.894783076,15.7886,2.411083076,14.4003,1.022783076,13.4454,0.067883076
11.25,-1.543,-0.022,18.6746,5.297083076,17.0007,3.623183076,16.5807,3.203183076,15.2036,1.826083076,14.2312,0.853683076
11.25,-1.541,0.049,18.1591,4.781583076,16.3086,2.931083076,15.8346,2.457083076,14.4166,1.039083076,13.4613,0.083783076
11.25,-1.432,0.385,18.1686,4.791083076,16.1506,2.773083076,15.7139,2.336383076,14.2951,0.917583076,13.3216,-0.055916924
11.25,-1.568,0.286,18.0139,4.636383076,15.8744,2.496883076,15.3377,1.960183076,13.8508,0.473283076,12.8344,-0.543116924
11.25,-1.525,0.3,18.5164,5.138883076,16.929,3.551483076,16.6079,3.230383076,15.3089,1.931383076,14.3885,1.010983076
11.25,-1.512,0.213,18.6171,5.239583076,16.9852,3.607683076,16.6705,3.292983076,15.3444,1.966883076,14.4159,1.038383076
11.25,-1.512,-0.246,18.032,4.654483076,16.1637,2.786183076,15.6056,2.228083076,14.1959,0.818383076,13.203,-0.174516924
11.25,-1.581,0.075,18.0287,4.651183076,15.7817,2.404183076,15.0088,1.631283076,13.4354,0.057883076,12.4019,-0.975616924
11.25,-1.479,0.242,18.1218,4.744283076,15.8591,2.481583076,15.219,1.841483076,13.6959,0.318383076,12.6472,-0.730316924
11.25,-1.547,-0.351,18.3853,5.007783076,16.7121,3.334583076,16.397,3.019483076,15.0783,1.700783076,14.1629,0.785383076
11.25,-1.523,-0.086,18.0008,4.623283076,16.1206,2.743083076,15.7518,2.374283076,14.3481,0.970583076,13.3968,0.019283076
11.25,-1.49,0.061,18.9164,5.538883076,17.3887,4.011183076,17.0925,3.714983076,15.7926,2.415083076,14.8552,1.477683076
11.25,-1.454,-0.345,17.8786,4.501083076,15.8682,2.490683076,15.1922,1.814683076,13.7234,0.345883076,12.7207,-0.656816924
11.25,-1.562,0.238,17.7312,4.353683076,15.9554,2.577883076,15.6422,2.264683076,14.3376,0.960083076,13.4016,0.024083076
11.25,-1.44,0.079,18.0557,4.678183076,15.6132,2.235683076,14.6604,1.282883076,12.9976,-0.379916924,11.9138,-1.463716924
11.25,-1.461,-0.784,18.1512,4.773683076,16.3061,2.928583076,15.7637,2.386183076,14.3593,0.981783076,13.3764,-0.001116924
11.25,-1.397,0.191,18.6894,5.311883076,16.8584,3.480883076,16.5735,3.195983076,15.2149,1.837383076,14.2718,0.894283076
11.25,-1.545,-0.637000024,18.0968,4.719283076,15.7472,2.369683076,14.7297,1.352183076,13.0907,-0.286816924,11.9865,-1.391016924
11.25,-1.43,0.372999996,18.4266,5.049083076,16.3737,2.996183076,15.9226,2.545083076,14.4542,1.076683076,13.4647,0.087183076
11.25,-1.551,-0.032000002,18.0742,4.696683076,16.2723,2.894783076,15.7886,2.411083076,14.4003,1.022783076,13.4454,0.067883076
11.25,-1.543,-0.022,18.6746,5.297083076,17.0007,3.623183076,16.5807,3.203183076,15.2036,1.826083076,14.2312,0.853683076
11.25,-1.541,0.048999999,18.1591,4.781583076,16.3086,2.931083076,15.8346,2.457083076,14.4166,1.039083076,13.4613,0.083783076
11.25,-1.432,0.38499999,18.1686,4.791083076,16.1506,2.773083076,15.7139,2.336383076,14.2951,0.917583076,13.3216,-0.055916924
11.25,-1.568,0.234451931,18.0139,4.636383076,15.8744,2.496883076,15.3377,1.960183076,13.8508,0.473283076,12.8344,-0.543116924
11.25,-1.525,0.300000012,18.5164,5.138883076,16.929,3.551483076,16.6079,3.230383076,15.3089,1.931383076,14.3885,1.010983076
11.25,-1.512,0.174210657,18.6171,5.239583076,16.9852,3.607683076,16.6705,3.292983076,15.3444,1.966883076,14.4159,1.038383076
11.25,-1.512,-0.246000007,18.032,4.654483076,16.1637,2.786183076,15.6056,2.228083076,14.1959,0.818383076,13.203,-0.174516924
11.25,-1.581,0.075000003,18.0287,4.651183076,15.7817,2.404183076,15.0088,1.631283076,13.4354,0.057883076,12.4019,-0.975616924
11.25,-1.479,0.198142117,18.1218,4.744283076,15.8591,2.481583076,15.219,1.841483076,13.6959,0.318383076,12.6472,-0.730316924
11.25,-1.547,-0.351000011,18.3853,5.007783076,16.7121,3.334583076,16.397,3.019483076,15.0783,1.700783076,14.1629,0.785383076
11.25,-1.523,-0.086000003,18.0008,4.623283076,16.1206,2.743083076,15.7518,2.374283076,14.3481,0.970583076,13.3968,0.019283076
11.25,-1.49,0.061000001,18.9164,5.538883076,17.3887,4.011183076,17.0925,3.714983076,15.7926,2.415083076,14.8552,1.477683076
11.25,-1.454,-0.344999999,17.8786,4.501083076,15.8682,2.490683076,15.1922,1.814683076,13.7234,0.345883076,12.7207,-0.656816924
11.25,-1.562,0.194841231,17.7312,4.353683076,15.9554,2.577883076,15.6422,2.264683076,14.3376,0.960083076,13.4016,0.024083076
11.25,-1.44,0.079000004,18.0557,4.678183076,15.6132,2.235683076,14.6604,1.282883076,12.9976,-0.379916924,11.9138,-1.463716924
11.25,-1.461,-0.783999979,18.1512,4.773683076,16.3061,2.928583076,15.7637,2.386183076,14.3593,0.981783076,13.3764,-0.001116924
11.25,-1.397,0.156055756,18.6894,5.311883076,16.8584,3.480883076,16.5735,3.195983076,15.2149,1.837383076,14.2718,0.894283076
12.17,-2.305,0.361,17.6106,2.524598282,15.8052,0.719198282,15.4328,0.346798282,14.222,-0.864001718,13.3706,-1.715401718
12.17,-2.273,0.244,17.6948,2.608798282,16.2345,1.148498282,16.0385,0.952498282,14.9555,-0.130501718,14.1592,-0.926801718
12.17,-2.187,0.218,17.82,2.733998282,16.6176,1.531598282,16.5318,1.445798282,15.5019,0.415898282,14.744,-0.342001718
12.17,-2.237,0.04,17.6037,2.517698282,16.0746,0.988598282,15.8165,0.730498282,14.7047,-0.381301718,13.8989,-1.187101718
12.17,-2.264,0.388,17.5341,2.448098282,15.7872,0.701198282,15.3674,0.281398282,14.1883,-0.897701718,13.3433,-1.742701718
12.17,-2.229,0.348,17.9772,2.891198282,16.791,1.704998282,16.7568,1.670798282,15.7717,0.685698282,15.0233,-0.062701718
12.17,-2.181,0.45,17.59,2.503998282,15.9916,0.905598282,15.7096,0.623598282,14.5927,-0.493301718,13.7767,-1.309301718
12.17,-2.269,0.557,17.6656,2.579598282,16.2172,1.131198282,16.029,0.942998282,14.9298,-0.156201718,14.1456,-0.940401718
12.17,-2.304,0.299,17.8429,2.756898282,16.4915,1.405498282,16.4451,1.359098282,15.422,0.335998282,14.6653,-0.420701718
12.17,-2.249,0.269,17.6308,2.544798282,15.7483,0.662298282,15.3361,0.250098282,14.0997,-0.986301718,13.2493,-1.836701718
12.17,-2.123,0.174,17.9045,2.818498282,16.5114,1.425398282,16.4572,1.371198282,15.4117,0.325698282,14.6439,-0.442101718
12.17,-2.176,0.085,17.5447,2.458698282,15.9307,0.844698282,15.5988,0.512798282,14.4664,-0.619601718,13.6419,-1.444101718
12.17,-2.214,0.175,17.6704,2.584398282,16.1861,1.100098282,16.0002,0.914198282,14.903,-0.183001718,14.1116,-0.974401718
12.17,-2.235,0.006,17.6406,2.554598282,16.1546,1.068598282,15.9635,0.877498282,14.8558,-0.230201718,14.0656,-1.020401718
12.17,-2.304,0.475,17.6608,2.574798282,16.1662,1.080198282,16.0184,0.932398282,14.8978,-0.188201718,14.1021,-0.983901718
12.17,-2.244,0.531,17.6042,2.518198282,15.8955,0.809498282,15.6042,0.518198282,14.4548,-0.631201718,13.644,-1.442001718
12.17,-2.211,0.574,17.7659,2.679898282,16.4437,1.357698282,16.3079,1.221898282,15.2776,0.191598282,14.5082,-0.577801718
12.17,-2.305,0.361000001,17.6106,2.524598282,15.8052,0.719198282,15.4328,0.346798282,14.222,-0.864001718,13.3706,-1.715401718
12.17,-2.273,0.199792566,17.6948,2.608798282,16.2345,1.148498282,16.0385,0.952498282,14.9555,-0.130501718,14.1592,-0.926801718
12.17,-2.187,0.178336767,17.82,2.733998282,16.6176,1.531598282,16.5318,1.445798282,15.5019,0.415898282,14.744,-0.342001718
12.17,-2.237,0.039999999,17.6037,2.517698282,16.0746,0.988598282,15.8165,0.730498282,14.7047,-0.381301718,13.8989,-1.187101718
12.17,-2.264,0.388000011,17.5341,2.448098282,15.7872,0.701198282,15.3674,0.281398282,14.1883,-0.897701718,13.3433,-1.742701718
12.17,-2.229,0.34799999,17.9772,2.891198282,16.791,1.704998282,16.7568,1.670798282,15.7717,0.685698282,15.0233,-0.062701718
12.17,-2.181,0.449999988,17.59,2.503998282,15.9916,0.905598282,15.7096,0.623598282,14.5927,-0.493301718,13.7767,-1.309301718
12.17,-2.269,0.556999981,17.6656,2.579598282,16.2172,1.131198282,16.029,0.942998282,14.9298,-0.156201718,14.1456,-0.940401718
12.17,-2.304,0.245179812,17.8429,2.756898282,16.4915,1.405498282,16.4451,1.359098282,15.422,0.335998282,14.6653,-0.420701718
12.17,-2.249,0.220423128,17.6308,2.544798282,15.7483,0.662298282,15.3361,0.250098282,14.0997,-0.986301718,13.2493,-1.836701718
12.17,-2.123,0.142026965,17.9045,2.818498282,16.5114,1.425398282,16.4572,1.371198282,15.4117,0.325698282,14.6439,-0.442101718
12.17,-2.176,0.085000001,17.5447,2.458698282,15.9307,0.844698282,15.5988,0.512798282,14.4664,-0.619601718,13.6419,-1.444101718
12.17,-2.214,0.142852189,17.6704,2.584398282,16.1861,1.100098282,16.0002,0.914198282,14.903,-0.183001718,14.1116,-0.974401718
12.17,-2.235,0.006,17.6406,2.554598282,16.1546,1.068598282,15.9635,0.877498282,14.8558,-0.230201718,14.0656,-1.020401718
12.17,-2.304,0.474999994,17.6608,2.574798282,16.1662,1.080198282,16.0184,0.932398282,14.8978,-0.188201718,14.1021,-0.983901718
12.17,-2.244,0.531000018,17.6042,2.518198282,15.8955,0.809498282,15.6042,0.518198282,14.4548,-0.631201718,13.644,-1.442001718
12.17,-2.211,0.574000001,17.7659,2.679898282,16.4437,1.357698282,16.3079,1.221898282,15.2776,0.191598282,14.5082,-0.577801718
11.52,-1.76,0.610000014,17.3059,3.633501053,15.4317,1.759301053,14.9087,1.236301053,13.6012,-0.071198947,12.6945,-0.977898947
11.52,-1.44,0.039999999,18.0197,4.347301053,15.5709,1.898501053,14.1265,0.454101053,12.3737,-1.298698947,11.4076,-2.264798947
11.52,-1.16,-0.109999999,18.4819,4.809501053,16.0766,2.404201053,14.8934,1.221001053,13.325,-0.347398947,12.38,-1.292398947
11.52,-1.46,-0.349999994,17.5822,3.909801053,15.4198,1.747401053,14.4379,0.765501053,12.6958,-0.976598947,11.7214,-1.950998947
11.52,-1.45,0.08921271,18.7983,5.125901053,15.8295,2.157101053,13.6481,-0.024298947,11.5627,-2.109698947,10.2609,-3.411498947
11.52,-1.28,0.146978311,18.257,4.584601053,15.898,2.225601053,14.7131,1.040701053,13.1044,-0.567998947,12.1544,-1.517998947
11.52,-1.82,0.229500584,17.4358,3.763401053,14.8352,1.162801053,13.4751,-0.197298947,12.0553,-1.617098947,11.0119,-2.660498947
11.52,-1.87,0.155230531,17.68,4.007601053,14.9497,1.277301053,13.5351,-0.137298947,11.8526,-1.819798947,10.739,-2.933398947
11.52,-1.72,0.229500584,18.0965,4.424101053,15.2213,1.548901053,13.611,-0.061398947,11.7869,-1.885498947,10.6533,-3.019098947
11.52,-1.69,0.163482764,18.033,4.360601053,15.2657,1.593301053,13.8314,0.159001053,12.0289,-1.643498947,10.9787,-2.693698947
11.52,-1.78,0.5,17.6113,3.938901053,15.8545,2.182101053,15.3827,1.710301053,14.0835,0.411101053,13.2166,-0.455798947
11.52,-1.81,0.029999999,17.5146,3.842201053,14.8912,1.218801053,13.5922,-0.080198947,11.8911,-1.781298947,10.8097,-2.862698947
11.52,-1.49,0.610000014,18.1814,4.509001053,15.5374,1.865001053,14.5793,0.906901053,13.0553,-0.617098947,12.0588,-1.613598947
11.52,-1.79,-0.400000006,17.4962,3.823801053,14.9959,1.323501053,13.4701,-0.202298947,11.632,-2.040398947,10.5383,-3.134098947
11.52,-1.48,-0.059999999,17.8524,4.180001053,15.6488,1.976401053,14.4476,0.775201053,12.8444,-0.827998947,11.897,-1.775398947
11.52,-1.95,0.400000006,17.7424,4.070001053,14.9111,1.238701053,13.2715,-0.400898947,11.5104,-2.161998947,10.2065,-3.465898947
11.52,-1.16,-0.039999999,18.8415,5.169101053,16.1608,2.488401053,14.8003,1.127901053,13.0979,-0.574498947,12.103,-1.569398947
11.52,-1.42,0.75999999,18.9492,5.276801053,15.7371,2.064701053,14.2945,0.622101053,12.5177,-1.154698947,11.4427,-2.229698947
11.52,-1.58,0.550000012,18.7259,5.053501053,15.5051,1.832701053,13.7905,0.118101053,11.8307,-1.841698947,10.6671,-3.005298947
11.52,-1.89,0.2047439,17.6509,3.978501053,14.8581,1.185701053,13.3479,-0.324498947,11.5692,-2.103198947,10.4392,-3.233198947
11.52,-1.43,-0.25,17.8317,4.159301053,15.4977,1.825301053,14.1899,0.517501053,12.5005,-1.171898947,11.5001,-2.172298947
11.52,-1.27,1.00999999,19.4036,5.731201053,16.2273,2.554901053,15.0154,1.343001053,13.2963,-0.376098947,12.2682,-1.404198947
11.52,-0.74,0.419999987,19.4289,5.756501053,17.0162,3.343801053,16.0209,2.348501053,14.5156,0.843201053,13.6402,-0.032198947
11.52,-0.97,0.039999999,19.748,6.075601053,16.7345,3.062101053,15.1677,1.495301053,13.4139,-0.258498947,12.4,-1.272398947
11.52,-1.59,-0.230000004,17.997,4.324601053,15.389,1.716601053,13.6569,-0.015498947,11.7593,-1.913098947,10.783,-2.889398947
11.52,-1.0,0.330000013,19.9052,6.232801053,16.7427,3.070301053,15.0459,1.373501053,13.2127,-0.459698947,12.1453,-1.527098947
11.52,-1.46,-0.100000001,17.5855,3.913101053,15.3175,1.645101053,14.1956,0.523201053,12.5819,-1.090498947,11.5992,-2.073198947
11.52,-1.76,0.639999986,17.7521,4.079701053,15.0297,1.357301053,13.8691,0.196701053,12.2432,-1.429198947,11.1917,-2.480698947
11.52,-1.77,0.430000007,17.4587,3.786301053,14.7872,1.114801053,13.4301,-0.242298947,11.7322,-1.940198947,10.6314,-3.040998947
11.52,-1.84,0.02,17.4814,3.809001053,14.9359,1.263501053,13.6351,-0.037298947,11.9602,-1.712198947,10.8925,-2.779898947
11.52,-1.77,0.5,17.7502,4.077801053,15.7796,2.107201053,15.2359,1.563501053,13.9214,0.249001053,12.9924,-0.679998947
11.52,-1.58,0.050000001,17.7702,4.097801053,15.3938,1.721401053,14.2484,0.576001053,12.6578,-1.014598947,11.6529,-2.019498947
11.52,-1.59,0.629999995,18.4184,4.746001053,15.4103,1.737901053,14.0274,0.355001053,12.2596,-1.412798947,11.1895,-2.482898947
11.52,-1.36,0.090000004,17.7427,4.070301053,16.0993,2.426901053,15.5113,1.838901053,14.2148,0.542401053,13.3522,-0.320198947
11.52,-1.69,0.400000006,18.1197,4.447301053,15.1255,1.453101053,13.5103,-0.162098947,11.6356,-2.036798947,10.5349,-3.137498947
11.52,-1.78,0.163482764,17.0671,3.394701053,15.296,1.623601053,14.7361,1.063701053,13.4997,-0.172698947,12.5836,-1.088798947
11.52,-1.81,0.49000001,18.2815,4.609101053,15.3419,1.669501053,13.3339,-0.338498947,11.2582,-2.414198947,9.9978,-3.674598947
11.52,-1.4,-0.029999999,18.5418,4.869401053,15.7429,2.070501053,13.8292,0.156801053,11.8712,-1.801198947,10.7693,-2.903098947
11.52,-1.97,0.300000012,17.7262,4.053801053,14.903,1.230601053,13.3268,-0.345598947,11.6191,-2.053298947,10.5034,-3.168998947
11.52,-1.73,0.579999983,17.5309,3.858501053,15.3316,1.659201053,14.5824,0.910001053,13.1332,-0.539198947,12.2395,-1.432898947
11.52,-1.92,0.400000006,17.4458,3.773401053,14.8573,1.184901053,13.7993,0.126901053,12.2712,-1.401198947,11.2646,-2.407798947
11.52,-1.37,-0.25,17.8168,4.144401053,15.6306,1.958201053,14.4452,0.772801053,12.8872,-0.785198947,11.9176,-1.754798947
11.52,-1.02,0.610000014,19.7947,6.122301053,16.751,3.078601053,15.2321,1.559701053,13.5952,-0.077198947,12.5224,-1.149998947
11.52,-1.75,0.800000012,17.4558,3.783401053,15.812,2.139601053,15.541,1.868601053,14.3552,0.682801053,13.5189,-0.153498947
11.52,-1.98,0.430000007,17.1989,3.526501053,15.2409,1.568501053,14.661,0.988601053,13.3506,-0.321798947,12.5269,-1.145498947
11.52,-1.6,0.138726079,17.303,3.630601053,15.7733,2.100901053,15.3304,1.658001053,14.1358,0.463401053,13.2744,-0.397998947
11.52,-1.78,0.21299612,17.3268,3.654401053,15.6504,1.978001053,15.3149,1.642501053,14.1208,0.448401053,13.2792,-0.393198947
11.52,-1.85,0.080960484,17.0775,3.405101053,15.3277,1.655301053,14.7328,1.060401053,13.4717,-0.200698947,12.5679,-1.104498947
11.52,-1.82,0.07,17.3368,3.664401053,15.6773,2.004901053,15.3299,1.657501053,14.112,0.439601053,13.241,-0.431398947
11.52,-1.52,-0.300000012,17.2917,3.619301053,15.6008,1.928401053,14.9377,1.265301053,13.6182,-0.054198947,12.7309,-0.941498947
11.52,-1.96,0.419999987,17.1992,3.526801053,15.4622,1.789801053,15.1011,1.428701053,13.9048,0.232401053,13.0453,-0.627098947
11.52,-1.74,0.460000008,17.4923,3.819901053,15.4197,1.747301053,14.8106,1.138201053,13.4426,-0.229798947,12.5173,-1.155098947
11.52,-2.02,-0.100000001,17.4976,3.825201053,15.8455,2.173101053,15.1684,1.496001053,13.8409,0.168501053,12.9701,-0.702298947
11.52,-1.71,0.130473847,17.3399,3.667501053,15.6698,1.997401053,15.2569,1.584501053,14.0669,0.394501053,13.1545,-0.517898947
11.52,-1.65,0.237752804,17.4708,3.798401053,15.7545,2.082101053,15.4273,1.754901053,14.2264,0.554001053,13.3394,-0.332998947
11.52,-1.92,0.02,17.1371,3.464701053,15.3402,1.667801053,14.7918,1.119401053,13.5411,-0.131298947,12.5939,-1.078498947
11.52,-2.03,0.171734983,17.3726,3.700201053,15.6416,1.969201053,15.3447,1.672301053,14.1567,0.484301053,13.3047,-0.367698947
11.46,-1.341,0.494,18.7596,4.390382334,15.6436,1.274382334,14.1701,-0.199117666,12.3766,-1.992617666,11.3389,-3.030317666
11.46,-1.332,-0.543,17.8776,3.508382334,15.6268,1.257582334,14.7434,0.374182334,13.3717,-0.997517666,12.4946,-1.874617666
11.46,-1.343,0.049,17.9784,3.609182334,15.7538,1.384582334,15.0058,0.636582334,13.6764,-0.692817666,12.8269,-1.542317666
11.46,-1.347,0.143,17.8481,3.478882334,15.8669,1.497682334,15.3168,0.947582334,14.0521,-0.317117666,13.2296,-1.139617666
11.46,-1.377,0.293,17.9223,3.553082334,15.8232,1.453982334,15.3669,0.997682334,14.0882,-0.281017666,13.2584,-1.110817666
11.46,-1.328,-0.308,17.7567,3.387482334,15.8744,1.505182334,15.3249,0.955682334,14.1035,-0.265717666,13.2915,-1.077717666
11.46,-1.321,0.031,17.8577,3.488482334,16.0071,1.637882334,15.5645,1.195282334,14.363,-0.006217666,13.568,-0.801217666
11.46,-1.335,0.145,17.8173,3.448082334,16.07,1.700782334,15.6274,1.258182334,14.4733,0.104082334,13.6934,-0.675817666
11.46,-1.325,0.339,18.0954,3.726182334,16.2961,1.926882334,16.0925,1.723282334,14.9388,0.569582334,14.1838,-0.185417666
11.46,-1.332,0.285,18.0746,3.705382334,16.4199,2.050682334,16.1328,1.763582334,15.0172,0.647982334,14.2669,-0.102317666
11.46,-1.352,0.391,18.1368,3.767582334,16.4712,2.101982334,16.2624,1.893182334,15.1492,0.779982334,14.4176,0.048382334
11.46,-1.357,0.396,18.1743,3.805082334,16.5599,2.190682334,16.326,1.956782334,15.2056,0.836382334,14.4712,0.101982334
11.46,-1.385,0.038,18.2072,3.837982334,16.7584,2.389182334,16.5372,2.167982334,15.4772,1.107982334,14.7562,0.386982334
11.46,-1.366,0.095,18.429,4.059782334,17.005,2.635782334,16.9004,2.531182334,15.8939,1.524682334,15.1882,0.818982334
11.46,-1.332,-0.543,17.8776,3.508382334,15.6268,1.257582334,14.7434,0.374182334,13.3717,-0.997517666,12.4946,-1.874617666
11.46,-1.343,0.049,17.9784,3.609182334,15.7538,1.384582334,15.0058,0.636582334,13.6764,-0.692817666,12.8269,-1.542317666
11.46,-1.347,0.143,17.8481,3.478882334,15.8669,1.497682334,15.3168,0.947582334,14.0521,-0.317117666,13.2296,-1.139617666
11.46,-1.377,0.293,17.9223,3.553082334,15.8232,1.453982334,15.3669,0.997682334,14.0882,-0.281017666,13.2584,-1.110817666
11.46,-1.328,-0.308,17.7567,3.387482334,15.8744,1.505182334,15.3249,0.955682334,14.1035,-0.265717666,13.2915,-1.077717666
11.46,-1.321,0.031,17.8577,3.488482334,16.0071,1.637882334,15.5645,1.195282334,14.363,-0.006217666,13.568,-0.801217666
11.46,-1.335,0.145,17.8173,3.448082334,16.07,1.700782334,15.6274,1.258182334,14.4733,0.104082334,13.6934,-0.675817666
11.46,-1.325,0.339,18.0954,3.726182334,16.2961,1.926882334,16.0925,1.723282334,14.9388,0.569582334,14.1838,-0.185417666
11.46,-1.332,0.285,18.0746,3.705382334,16.4199,2.050682334,16.1328,1.763582334,15.0172,0.647982334,14.2669,-0.102317666
11.46,-1.352,0.391,18.1368,3.767582334,16.4712,2.101982334,16.2624,1.893182334,15.1492,0.779982334,14.4176,0.048382334
11.46,-1.357,0.396,18.1743,3.805082334,16.5599,2.190682334,16.326,1.956782334,15.2056,0.836382334,14.4712,0.101982334
11.46,-1.385,0.038,18.2072,3.837982334,16.7584,2.389182334,16.5372,2.167982334,15.4772,1.107982334,14.7562,0.386982334
11.46,-1.341,0.493999988,18.7596,4.390382334,15.6436,1.274382334,14.1701,-0.199117666,12.3766,-1.992617666,11.3389,-3.030317666
11.46,-1.332,-0.542999983,17.8776,3.508382334,15.6268,1.257582334,14.7434,0.374182334,13.3717,-0.997517666,12.4946,-1.874617666
11.46,-1.343,0.048999999,17.9784,3.609182334,15.7538,1.384582334,15.0058,0.636582334,13.6764,-0.692817666,12.8269,-1.542317666
11.46,-1.347,0.116445068,23.8962,9.526982334,21.7403,7.371082334,21.1285,6.759282334,20.4722,6.102982334,20.0885,5.719282334
11.46,-1.377,0.24022849,19.4881,5.118882334,18.8526,4.483382334,19.2006,4.831382334,18.4745,4.105282334,17.881,3.511782334
11.46,-1.328,-0.307999998,17.7567,3.387482334,15.8744,1.505182334,15.3249,0.955682334,14.1035,-0.265717666,13.2915,-1.077717666
11.46,-1.321,0.030999999,22.5347,8.165482334,20.9777,6.608482334,20.8716,6.502382334,20.2131,5.843882334,19.5298,5.160582334
11.46,-1.335,0.118095505,17.8173,3.448082334,16.07,1.700782334,15.6274,1.258182334,14.4733,0.104082334,13.6934,-0.675817666
11.46,-1.325,0.338999987,19.5365,5.167282334,18.8945,4.525282334,19.2481,4.878882334,18.5778,4.208582334,18.0873,3.718082334
11.46,-1.332,0.233626694,18.0746,3.705382334,16.4199,2.050682334,16.1328,1.763582334,15.0172,0.647982334,14.2669,-0.102317666
11.46,-1.352,0.391000003,18.1368,3.767582334,16.4712,2.101982334,16.2624,1.893182334,15.1492,0.779982334,14.4176,0.048382334
11.46,-1.357,0.395999998,18.1743,3.805082334,16.5599,2.190682334,16.326,1.956782334,15.2056,0.836382334,14.4712,0.101982334
11.46,-1.366,0.094999999,24.4372,10.06798233,23.5125,9.143282334,22.7799,8.410682334,22.0632,7.693982334,21.2284,6.859182334
13.02,-1.763,-0.39,19.2551,4.182707323,16.8384,1.766007323,15.6398,0.567407323,13.8488,-1.223592677,12.743,-2.329392677
13.02,-1.802,0.1,19.4959,4.423507323,17.056,1.983607323,15.7083,0.635907323,13.7482,-1.324192677,12.6134,-2.458992677
13.02,-1.785,-0.24,19.5078,4.435407323,16.8625,1.790107323,15.28,0.207607323,13.2198,-1.852592677,12.0055,-3.066892677
13.02,-1.814,0.23,20.1007,5.028307323,17.1358,2.063407323,15.1335,0.061107323,12.7423,-2.330092677,11.3974,-3.674992677
13.02,-1.761,0.51,19.369,4.296607323,17.7322,2.659807323,17.4102,2.337807323,16.0775,1.005107323,15.1391,0.066707323
13.02,-1.789,0.18,19.3079,4.235507323,17.6658,2.593407323,17.3552,2.282807323,15.9969,0.924507323,15.0512,-0.021192677
13.02,-1.758,0.42,19.5928,4.520407323,16.8201,1.747707323,15.5051,0.432707323,13.6393,-1.433092677,12.4898,-2.582592677
13.02,-1.772,0.5,19.5029,4.430507323,17.9663,2.893907323,17.7645,2.692107323,16.4942,1.421807323,15.5867,0.514307323
13.02,-1.808,0.46,19.1144,4.042007323,16.7874,1.715007323,16.0063,0.933907323,14.4312,-0.641192677,13.3819,-1.690492677
13.02,-1.782,0.14,19.212,4.139607323,16.8282,1.755807323,15.7766,0.704207323,14.0609,-1.011492677,12.9768,-2.095592677
13.02,-1.767,-0.04,19.5229,4.450507323,16.7354,1.663007323,15.2384,0.166007323,13.2565,-1.815892677,12.0719,-3.000492677
13.02,-1.778,0.2,19.0795,4.007107323,16.9314,1.859007323,16.2767,1.204307323,14.7956,-0.276792677,13.7921,-1.280292677
13.02,-1.804,0.12,19.0157,3.943307323,17.1754,2.103007323,16.5921,1.519707323,15.1703,0.097907323,14.1852,-0.887192677
13.02,-1.804,0.25,19.1741,4.101707323,17.4448,2.372407323,17.1402,2.067807323,15.8276,0.755207323,14.8852,-0.187192677
13.02,-1.792,0.13,19.1081,4.035707323,17.0478,1.975407323,16.4081,1.335707323,14.9242,-0.148192677,13.9192,-1.153192677
13.02,-1.776,0.12,19.1223,4.049907323,16.7982,1.725807323,15.8698,0.797407323,14.2657,-0.806692677,13.2042,-1.868192677
13.02,-1.796,0.27,19.4721,4.399707323,17.9732,2.900807323,17.7649,2.692507323,16.5153,1.442907323,15.6149,0.542507323
13.02,-1.782,0.54,19.3009,4.228507323,17.7843,2.711907323,17.5563,2.483907323,16.3275,1.255107323,15.4302,0.357807323
13.02,-1.813,0.35,19.0958,4.023407323,16.5696,1.497207323,15.4593,0.386907323,13.7708,-1.301592677,12.6874,-2.384992677
13.02,-1.843,0.4,19.0774,4.005007323,16.5856,1.513207323,15.5329,0.460507323,13.9115,-1.160892677,12.832,-2.240392677
13.02,-1.772,0.42,19.1404,4.068007323,17.8148,2.742407323,17.4608,2.388407323,16.2025,1.130107323,15.3142,0.241807323
13.02,-1.83,0.36,19.2301,4.157707323,16.5587,1.486307323,15.2839,0.211507323,13.4878,-1.584592677,12.3785,-2.693892677
13.02,-1.783,0.35,19.8266,4.754207323,16.85,1.777607323,15.0683,-0.004092677,12.9997,-2.072692677,11.7454,-3.326992677
13.02,-1.817,0.2,19.0028,3.930407323,17.2844,2.212007323,16.8697,1.797307323,15.4988,0.426407323,14.5652,-0.507192677
13.02,-1.834,0.12,19.0488,3.976407323,16.9189,1.846507323,16.0466,0.974207323,14.5071,-0.565292677,13.4853,-1.587092677
12.18,-1.188,0.166,17.9241,6.587067906,15.5973,4.260267906,14.9406,3.603567906,13.2529,1.915867906,12.075,0.737967906
12.18,-1.208,0.256,17.8819,6.544867906,15.397,4.059967906,14.5236,3.186567906,12.7243,1.387267906,11.5154,0.178367906
12.18,-1.153,0.177,17.8794,6.542367906,15.8399,4.502867906,15.1959,3.858867906,13.5624,2.225367906,12.4293,1.092267906
12.18,-1.185,0.085,17.8548,6.517767906,15.8226,4.485567906,15.1537,3.816667906,13.5689,2.231867906,12.4462,1.109167906
12.18,-1.168,0.348,17.8556,6.518567906,15.8688,4.531767906,15.2255,3.888467906,13.6451,2.308067906,12.5225,1.185467906
12.18,-1.239,0.379,17.711,6.373967906,15.1036,3.766567906,14.1982,2.861167906,12.4146,1.077567906,11.2172,-0.119832094
12.18,-1.156,0.356,17.9443,6.607267906,15.8308,4.493767906,15.2138,3.876767906,13.6069,2.269867906,12.4651,1.128067906
12.18,-1.166,0.093,17.8477,6.510667906,15.2078,3.870767906,14.1275,2.790467906,12.1975,0.860467906,10.9633,-0.373732094
12.18,-1.217,0.312,17.8595,6.522467906,15.5958,4.258767906,14.867,3.529967906,13.1975,1.860467906,12.0501,0.713067906
12.18,-1.243,0.244,17.6059,6.268867906,14.9862,3.649167906,14.0825,2.745467906,12.2915,0.954467906,11.0906,-0.246432094
12.18,-1.193,0.202,17.6858,6.348767906,15.2239,3.886867906,14.3237,2.986667906,12.5298,1.192767906,11.3315,-0.005532094
12.18,-1.213,0.153,17.6674,6.330367906,15.2492,3.912167906,14.3258,2.988767906,12.5484,1.211367906,11.3795,0.042467906
12.18,-1.16,0.18,17.9746,6.637567906,15.9505,4.613467906,15.2669,3.929867906,13.648,2.310967906,12.534,1.196967906
12.18,-1.14,0.62,17.8819,6.544867906,15.397,4.059967906,14.5236,3.186567906,12.7243,1.387267906,11.5154,0.178367906
12.18,-1.09,0.54,17.9815,6.644467906,15.3977,4.060667906,14.8545,3.517467906,13.0861,1.749067906,11.8955,0.558467906
12.18,-1.13,0.58,18.0409,6.703867906,14.9675,3.630467906,13.6705,2.333467906,11.5831,0.246067906,10.254,-1.083032094
12.18,-1.2,0.54,17.8477,6.510667906,15.2078,3.870767906,14.1275,2.790467906,12.1975,0.860467906,10.9633,-0.373732094
12.18,-1.1,0.43,17.7311,6.394067906,15.2551,3.918067906,14.2323,2.895267906,12.3875,1.050467906,11.1912,-0.145832094
12.18,-1.15,0.78,17.9112,6.574167906,14.9802,3.643167906,13.8444,2.507367906,11.886,0.548967906,10.6376,-0.699432094
12.18,-1.18,0.39,17.7367,6.399667906,15.4581,4.121067906,14.5838,3.246767906,12.8638,1.526767906,11.6851,0.348067906
12.18,-1.17,0.71,18.4066,7.069567906,16.4769,5.139867906,16.0916,4.754567906,14.5985,3.261467906,13.4977,2.160667906
12.18,-1.11,0.38,18.3117,6.974667906,16.446,5.108967906,15.9127,4.575667906,14.3667,3.029667906,13.2742,1.937167906
12.18,-1.19,0.64,17.6059,6.268867906,14.9862,3.649167906,14.0825,2.745467906,12.2915,0.954467906,11.0906,-0.246432094
12.18,-1.25,0.58,18.3892,7.052167906,16.5916,5.254567906,16.078,4.740967906,14.5799,3.242867906,13.5053,2.168267906
12.18,-1.1,0.48,18.3651,7.028067906,16.5582,5.221167906,16.0751,4.738067906,14.5897,3.252667906,13.5117,2.174667906
12.18,-1.05,0.540000021,17.9815,6.644467906,15.3977,4.060667906,14.8545,3.517467906,13.0861,1.749067906,11.8955,0.558467906
12.18,-0.99,0.419999987,17.9241,6.587067906,15.5973,4.260267906,14.9406,3.603567906,13.2529,1.915867906,12.075,0.737967906
12.18,-1.0,0.400000006,18.0961,6.759067906,15.7945,4.457467906,15.1365,3.799467906,13.445,2.107967906,12.2702,0.933167906
12.18,-1.09,0.449999988,17.8579,6.520867906,15.5811,4.244067906,14.9243,3.587267906,13.2219,1.884867906,12.0496,0.712567906
12.18,-1.07,0.430000007,18.0409,6.703867906,14.9675,3.630467906,13.6705,2.333467906,11.5831,0.246067906,10.254,-1.083032094
12.18,-1.06,0.469999999,17.8819,6.544867906,15.397,4.059967906,14.5236,3.186567906,12.7243,1.387267906,11.5154,0.178367906
12.18,-1.07,0.360000014,17.7524,6.415367906,15.6079,4.270867906,14.8369,3.499867906,13.1684,1.831367906,12.0085,0.671467906
12.18,-1.19,0.439999998,17.8794,6.542367906,15.8399,4.502867906,15.1959,3.858867906,13.5624,2.225367906,12.4293,1.092267906
12.18,-1.09,0.479999989,17.8581,6.521067906,15.6176,4.280567906,14.9184,3.581367906,13.2197,1.882667906,12.0602,0.723167906
12.18,-1.07,0.5,17.4923,6.155267906,15.1012,3.764167906,14.3283,2.991267906,12.6085,1.271467906,11.427,0.089967906
12.18,-1.0,0.330000013,17.7367,6.399667906,15.4581,4.121067906,14.5838,3.246767906,12.8638,1.526767906,11.6851,0.348067906
12.18,-1.03,0.469999999,17.671,6.333967906,15.4584,4.121367906,14.6295,3.292467906,12.9371,1.600067906,11.7967,0.459667906
12.18,-1.07,0.479999989,17.711,6.373967906,15.1036,3.766567906,14.1982,2.861167906,12.4146,1.077567906,11.2172,-0.119832094
12.18,-1.13,0.379999995,17.9443,6.607267906,15.8308,4.493767906,15.2138,3.876767906,13.6069,2.269867906,12.4651,1.128067906
12.18,-1.12,0.310000002,18.0933,6.756267906,15.0078,3.670767906,13.5128,2.175767906,11.4046,0.067567906,10.0899,-1.247132094
12.18,-1.08,0.460000008,17.8281,6.491067906,15.5146,4.177567906,14.8835,3.546467906,13.1926,1.855567906,12.0285,0.691467906
12.18,-1.02,0.49000001,17.8248,6.487767906,15.0044,3.667367906,13.9323,2.595267906,12.0569,0.719867906,10.8084,-0.528632094
12.18,-1.03,0.50999999,17.8595,6.522467906,15.5958,4.258767906,14.867,3.529967906,13.1975,1.860467906,12.0501,0.713067906
12.18,-1.05,0.237752804,17.9054,6.568367906,15.8564,4.519367906,15.1578,3.820767906,13.511,2.173967906,12.3725,1.035467906
12.18,-1.14,0.409999996,17.6059,6.268867906,14.9862,3.649167906,14.0825,2.745467906,12.2915,0.954467906,11.0906,-0.246432094
12.18,-1.13,0.409999996,17.6858,6.348767906,15.2239,3.886867906,14.3237,2.986667906,12.5298,1.192767906,11.3315,-0.005532094
12.18,-1.09,0.50999999,17.7918,6.454767906,15.6078,4.270767906,15.018,3.680967906,13.3969,2.059867906,12.2567,0.919667906
12.18,-1.05,0.419999987,17.7409,6.403867906,15.4363,4.099267906,14.7516,3.414567906,13.072,1.734967906,11.9289,0.591867906
12.18,-1.02,0.300000012,17.6674,6.330367906,15.2492,3.912167906,14.3258,2.988767906,12.5484,1.211367906,11.3795,0.042467906
12.18,-1.1,0.469999999,17.9112,6.574167906,14.9802,3.643167906,13.8444,2.507367906,11.886,0.548967906,10.6376,-0.699432094
12.22,-1.65,-0.109999999,16.8553,2.503573145,14.8355,0.483773145,14.1288,-0.222926855,12.8854,-1.466326855,12.0629,-2.288826855
12.22,-1.71,0.21299612,17.703,3.351273145,15.0776,0.725873145,13.8439,-0.507826855,12.2709,-2.080826855,11.3109,-3.040826855
12.22,-1.6,0.349999994,17.5909,3.239173145,15.179,0.827273145,14.2494,-0.102326855,12.8144,-1.537326855,11.9096,-2.442126855
12.22,-1.57,-0.439999998,17.6788,3.327073145,15.1991,0.847373145,13.9156,-0.436126855,12.2704,-2.081326855,11.2902,-3.061526855
12.22,-1.66,-0.189999998,17.2737,2.921973145,15.294,0.942273145,14.5906,0.238873145,13.3372,-1.014526855,12.4892,-1.862526855
12.22,-1.61,0.360000014,18.0342,3.682473145,15.2267,0.874973145,13.9167,-0.435026855,12.2529,-2.098826855,11.2571,-3.094626855
12.22,-1.55,0.2047439,17.9208,3.569073145,15.1962,0.844473145,14.0503,-0.301426855,12.4228,-1.928926855,11.469,-2.882726855
12.22,-1.78,0.079999998,17.3598,3.008073145,15.2943,0.942573145,14.5629,0.211173145,13.2741,-1.077626855,12.4301,-1.921626855
12.22,-1.64,0.379999995,17.9598,3.608073145,15.1613,0.809573145,13.9036,-0.448126855,12.2446,-2.107126855,11.2554,-3.096326855
12.22,-1.62,0.300000012,17.7207,3.368973145,15.2217,0.869973145,14.3096,-0.042126855,12.8643,-1.487426855,11.9761,-2.375626855
12.22,-1.49,-0.769999981,17.7997,3.447973145,15.2934,0.941673145,13.8175,-0.534226855,12.1757,-2.176026855,11.2173,-3.134426855
12.22,-1.63,0.188239448,17.8286,3.476873145,15.217,0.865273145,14.0664,-0.285326855,12.4962,-1.855526855,11.5936,-2.758126855
12.22,-1.68,0.229500584,17.5313,3.179573145,15.1625,0.810773145,14.2868,-0.064926855,12.8518,-1.499926855,11.9658,-2.385926855
12.22,-1.57,0.097464937,17.6685,3.316773145,15.2341,0.882373145,14.4073,0.055573145,12.6341,-1.717626855,11.713,-2.638726855
12.22,-1.69,0.389999986,17.3607,3.008973145,15.4748,1.123073145,14.9042,0.552473145,13.701,-0.650726855,12.8784,-1.473326855
12.22,-1.62,-0.039999999,17.3444,2.992673145,15.2037,0.851973145,14.3127,-0.039026855,12.8902,-1.461526855,12.007,-2.344726855
12.22,-1.62,0.01,17.7307,3.378973145,15.1819,0.830173145,14.0162,-0.335526855,12.4338,-1.917926855,11.4832,-2.868526855
12.22,-1.6,0.340000004,17.7146,3.362873145,15.122,0.770273145,14.1457,-0.206026855,12.634,-1.717726855,11.7071,-2.644626855
12.22,-1.59,0.540000021,17.4825,3.130773145,15.3225,0.970773145,14.7523,0.400573145,13.4597,-0.892026855,12.6211,-1.730626855
12.22,-1.55,-0.059999999,17.767,3.415273145,15.265,0.913273145,14.1586,-0.193126855,12.5816,-1.770126855,11.6453,-2.706426855
12.22,-1.59,-0.319999993,17.7497,3.397973145,15.2692,0.917473145,14.0464,-0.305326855,12.4112,-1.940526855,11.4256,-2.926126855
12.22,-1.57,-0.479999989,17.8695,3.517773145,15.2565,0.904773145,13.9332,-0.418526855,12.2409,-2.110826855,11.2409,-3.110826855
12.22,-1.63,0.460000008,17.8078,3.456073145,15.1246,0.772873145,14.0313,-0.320426855,12.4583,-1.893426855,11.4885,-2.863226855
12.22,-1.44,0.09,18.5251,4.173373145,15.7099,1.358173145,13.6917,-0.660026855,11.7284,-2.623326855,10.6036,-3.748126855
12.22,-1.47,0.13,18.5251,4.173373145,15.7099,1.358173145,13.6917,-0.660026855,11.7284,-2.623326855,10.6036,-3.748126855
12.22,-1.56,0.48,18.5251,4.173373145,15.7099,1.358173145,13.6917,-0.660026855,11.7284,-2.623326855,10.6036,-3.748126855
12.22,-1.64,0.38,17.9598,3.608073145,15.1613,0.809573145,13.9036,-0.448126855,12.2446,-2.107126855,11.2554,-3.096326855
12.22,-1.6,0.34,17.7146,3.362873145,15.122,0.770273145,14.1457,-0.206026855,12.634,-1.717726855,11.7071,-2.644626855
12.22,-1.63,0.46,17.8078,3.456073145,15.1246,0.772873145,14.0313,-0.320426855,12.4583,-1.893426855,11.4885,-2.863226855
12.22,-1.52,-0.15,18.0169,3.665173145,15.321,0.969273145,13.641,-0.710726855,11.759,-2.592726855,10.6382,-3.713526855
12.22,-1.7,-0.05,18.0169,3.665173145,15.321,0.969273145,13.641,-0.710726855,11.759,-2.592726855,10.6382,-3.713526855
12.05,-1.475,0.1,18.5034,4.979645479,16.8512,3.327445479,16.4244,2.900645479,15.0539,1.530145479,14.0918,0.568045479
12.05,-1.614,0.287,18.5002,4.976445479,16.8844,3.360645479,16.5305,3.006745479,15.2036,1.679845479,14.2552,0.731445479
12.05,-1.517,0.205,18.3195,4.795745479,16.6137,3.089945479,16.1525,2.628745479,14.783,1.259245479,13.8337,0.309945479
12.05,-1.602,0.385,18.5517,5.027945479,16.8012,3.277445479,16.5148,2.991045479,15.1617,1.637945479,14.2085,0.684745479
12.05,-1.444,0.418,18.9038,5.380045479,17.2546,3.730845479,17.0489,3.525145479,15.7635,2.239745479,14.842,1.318245479
12.05,-1.546,0.439,18.4304,4.906645479,16.72,3.196245479,16.484,2.960245479,15.1803,1.656545479,14.2645,0.740745479
12.05,-1.517,0.124,18.6005,5.076745479,16.8324,3.308645479,16.5471,3.023345479,15.1845,1.660745479,14.2553,0.731545479
12.05,-1.577,0.625,18.3534,4.829645479,16.5298,3.006045479,16.204,2.680245479,14.8245,1.300745479,13.8915,0.367745479
12.05,-1.608,0.304,18.419,4.895245479,15.5812,2.057445479,14.3948,0.871045479,12.5403,-0.983454521,11.388,-2.135754521
12.05,-1.635,0.165,17.6774,4.153645479,15.4676,1.943845479,14.5978,1.074045479,13.0447,-0.479054521,11.9808,-1.542954521
12.05,-1.579,-0.208,18.1802,4.656445479,15.8256,2.301845479,14.7891,1.265345479,13.1263,-0.397454521,12.0202,-1.503554521
12.05,-1.641,0.313,17.7279,4.204145479,15.5523,2.028545479,14.8773,1.353545479,13.3972,-0.126554521,12.3815,-1.142254521
12.05,-1.567,-0.146,18.0837,4.559945479,15.9167,2.392945479,15.1113,1.587545479,13.5528,0.029045479,12.5057,-1.018054521
12.05,-1.634,0.309,18.0346,4.510845479,15.8339,2.310145479,15.215,1.691245479,13.6967,0.172945479,12.6676,-0.856154521
12.05,-1.568,0.351,18.112,4.588245479,15.9147,2.390945479,15.208,1.684245479,13.6455,0.121745479,12.6201,-0.903654521
12.05,-1.533,0.474,18.0712,4.547445479,15.97,2.446245479,15.4354,1.911645479,13.9842,0.460445479,12.9869,-0.536854521
12.05,-1.56,-0.192,18.1251,4.601345479,16.2381,2.714345479,15.665,2.141245479,14.1972,0.673445479,13.1982,-0.325554521
12.05,-1.633,0.503,18.2292,4.705445479,16.2298,2.706045479,15.7767,2.252945479,14.3391,0.815345479,13.3411,-0.182654521
12.05,-1.446,0.165,18.3318,4.808045479,16.3452,2.821445479,15.9393,2.415545479,14.5182,0.994445479,13.5591,0.035345479
12.05,-1.64,0.33,18.2525,4.728745479,16.3192,2.795445479,15.9338,2.410045479,14.5058,0.982045479,13.538,0.014245479
12.05,-1.591,0.22,18.3109,4.787145479,16.3874,2.863645479,16.024,2.500245479,14.6453,1.121545479,13.6921,0.168345479
12.05,-1.466,0.56,18.4674,4.943645479,16.5615,3.037745479,16.2116,2.687845479,14.8371,1.313345479,13.8864,0.362645479
12.03,-0.478,-0.072,23.0339,7.793439741,19.508,4.267539741,17.9604,2.719939741,15.8621,0.621639741,14.6353,-0.605160259
12.03,-0.401,-0.167,22.8984,7.657939741,19.6631,4.422639741,18.0908,2.850339741,16.0181,0.777639741,14.7868,-0.453660259
12.03,-0.479,0.242,22.7736,7.533139741,19.3623,4.121839741,17.9724,2.731939741,15.9495,0.709039741,14.7401,-0.500360259
12.03,-0.473,-0.326,23.0251,7.784639741,19.6374,4.396939741,18.0201,2.779639741,15.901,0.660539741,14.6251,-0.615360259
12.03,-0.476,-0.099,23.1233,7.882839741,19.7668,4.526339741,17.5603,2.319839741,14.9424,-0.298060259,13.3854,-1.855060259
12.03,-0.509,-0.149,23.7525,8.512039741,20.8449,5.604439741,17.9274,2.686939741,14.4414,-0.799060259,12.6029,-2.637560259
12.03,-0.552,-0.372,22.7061,7.465639741,19.8445,4.604039741,17.2786,2.038139741,14.4776,-0.762860259,12.6162,-2.624260259
12.03,-0.573,-0.242,23.2418,8.001339741,20.222,4.981539741,17.9138,2.673339741,14.1943,-1.046160259,12.4155,-2.824960259
12.03,-0.494,-0.159,23.1646,7.924139741,19.7646,4.524139741,17.3206,2.080139741,14.6439,-0.596560259,13.1073,-2.133160259
12.03,-0.543,-0.112,23.1274,7.886939741,19.7407,4.500239741,17.2791,2.038639741,14.5746,-0.665860259,13.0279,-2.212560259
12.03,-0.516,-0.034,23.2199,7.979439741,19.6694,4.428939741,17.9017,2.661239741,15.6829,0.442439741,14.3681,-0.872360259
12.03,-0.513,-0.034,23.7428,8.502339741,19.9916,4.751139741,17.675,2.434539741,15.1616,-0.078860259,13.7137,-1.526760259
12.03,-0.483,-0.075,23.5629,8.322439741,19.8235,4.583039741,17.6736,2.433139741,15.1857,-0.054760259,13.788,-1.452460259
12.03,-0.466,0.01,23.2403,7.999839741,19.5235,4.283039741,17.4332,2.192739741,14.9911,-0.249360259,13.5785,-1.661960259
12.03,-0.491,-0.188,23.0795,7.839039741,20.1031,4.862639741,17.4161,2.175639741,14.5344,-0.706060259,12.5646,-2.675860259
12.03,-0.452,-0.3,23.3908,8.150339741,19.7023,4.461839741,17.3917,2.151239741,14.8354,-0.405060259,13.3562,-1.884260259
12.03,-0.458,-0.055,23.3772,8.136739741,19.8228,4.582339741,17.3904,2.149939741,14.7711,-0.469360259,13.1941,-2.046360259
12.03,-0.538,-0.302,23.2686,8.028139741,19.9317,4.691239741,17.5865,2.346039741,15.0155,-0.224960259,13.566,-1.674460259
12.03,-0.5,-0.668,23.2791,8.038639741,20.2494,5.008939741,17.6389,2.398439741,14.7906,-0.449860259,13.2105,-2.029960259
12.03,-0.523,-0.442,21.9964,6.755939741,19.8846,4.644139741,17.5983,2.357839741,14.9973,-0.243160259,13.5784,-1.662060259
12.03,-0.506,-0.393,23.3707,8.130239741,20.1202,4.879739741,17.5736,2.333139741,14.7868,-0.453660259,13.1563,-2.084160259
12.03,-0.398,-0.575,23.4009,8.160439741,20.2245,4.984039741,17.7492,2.508739741,14.9119,-0.328560259,13.3501,-1.890360259
12.03,-0.529,-0.056,23.2881,8.047639741,19.5925,4.352039741,17.7168,2.476339741,15.4418,0.201339741,14.1107,-1.129760259
12.03,-0.525,-0.22,23.2819,8.041439741,19.5847,4.344239741,17.7121,2.471639741,15.4441,0.203639741,14.1241,-1.116360259
12.03,-0.524,0.089,22.5515,7.311039741,19.5045,4.264039741,18.1871,2.946639741,16.2186,0.978139741,15.0393,-0.201160259
12.03,-0.533,-0.183,23.4594,8.218939741,19.949,4.708539741,18.3464,3.105939741,16.2341,0.993639741,14.9841,-0.256360259
12.03,-0.456,0.04,23.2962,8.055739741,19.5655,4.325039741,17.9143,2.673839741,15.7255,0.485039741,14.4107,-0.829760259
12.03,-0.531,0.126,23.451,8.210539741,19.6406,4.400139741,17.8554,2.614939741,15.6735,0.433039741,14.3726,-0.867860259
12.03,-0.439,-0.318,23.1585,7.918039741,19.6378,4.397339741,17.3841,2.143639741,14.8729,-0.367560259,13.4284,-1.812060259
12.03,-0.508,0.257,23.1288,7.888339741,19.541,4.300539741,17.8461,2.605639741,15.615,0.374539741,14.3159,-0.924560259
12.03,-0.517,-0.338,23.2626,8.022139741,19.8832,4.642739741,18.2716,3.031139741,15.6488,0.408339741,14.371,-0.869460259
12.03,-0.523,0.264,22.4028,7.162339741,19.1174,3.876939741,17.7042,2.463739741,15.7043,0.463839741,14.4918,-0.748660259
12.03,-0.484,-0.002,23.21,7.969539741,19.7837,4.543239741,17.9554,2.714939741,15.7227,0.482239741,14.4364,-0.804060259
12.03,-0.412,-0.451,23.0664,7.825939741,19.7019,4.461439741,17.6691,2.428639741,15.2592,0.018739741,13.9219,-1.318560259
12.03,-0.47,-0.074,23.0062,7.765739741,19.5514,4.310939741,17.8543,2.613839741,15.7007,0.460239741,14.4481,-0.792360259
13.06,-2.005,0.168,15.4673,3.493291114,13.3003,1.326291114,12.5877,0.613691114,11.1336,-0.840408886,10.1401,-1.833908886
13.06,-1.96,0.193,15.7011,3.727091114,14.1841,2.210091114,13.9476,1.973591114,12.7666,0.792591114,11.8784,-0.095608886
13.06,-2.068,0.2,15.4117,3.437691114,13.4372,1.463191114,12.9241,0.950091114,11.4914,-0.482608886,10.5339,-1.440108886
13.06,-1.996,0.387,15.5006,3.526591114,13.3168,1.342791114,12.6746,0.700591114,11.3343,-0.639708886,10.3578,-1.616208886
13.06,-2.12,0.56,15.4932,3.519191114,13.9402,1.966191114,13.611,1.636991114,12.3418,0.367791114,11.4375,-0.536508886
13.06,-2.12,0.43,15.5265,3.552491114,13.9183,1.944291114,13.6194,1.645391114,12.3874,0.413391114,11.4861,-0.487908886
13.06,-2.16,0.47,15.3766,3.402591114,13.5537,1.579691114,13.0404,1.066391114,11.7035,-0.270508886,10.7526,-1.221408886
13.06,-2.2,0.63,15.6519,3.677891114,13.0505,1.076491114,12.0394,0.065391114,10.4068,-1.567208886,9.3497,-2.624308886
13.06,-2.12,0.54,15.5006,3.526591114,13.3168,1.342791114,12.6746,0.700591114,11.3343,-0.639708886,10.3578,-1.616208886
13.06,-2.2,0.69,15.4673,3.493291114,13.3003,1.326291114,12.5877,0.613691114,11.1336,-0.840408886,10.1401,-1.833908886
13.06,-2.005,0.13707563,15.4673,3.493291114,13.3003,1.326291114,12.5877,0.613691114,11.1336,-0.840408886,10.1401,-1.833908886
13.06,-1.96,0.157706205,15.7011,3.727091114,14.1841,2.210091114,13.9476,1.973591114,12.7666,0.792591114,11.8784,-0.095608886
13.06,-2.068,0.163482764,15.4117,3.437691114,13.4372,1.463191114,12.9241,0.950091114,11.4914,-0.482608886,10.5339,-1.440108886
13.06,-1.996,0.386999995,15.5006,3.526591114,13.3168,1.342791114,12.6746,0.700591114,11.3343,-0.639708886,10.3578,-1.616208886
11.75,-1.53,0.42,19.9696,4.30014983,17.2149,1.54544983,15.3663,-0.30315017,13.2612,-2.40825017,12.0799,-3.58955017
11.75,-1.58,0.55,20.1559,4.48644983,17.1767,1.50724983,15.34,-0.32945017,13.4827,-2.18675017,12.3307,-3.33875017
11.75,-1.61,0.51,20.2861,4.61664983,17.3806,1.71114983,15.3621,-0.30735017,13.1122,-2.55725017,11.8733,-3.79615017
11.75,-1.51,0.45,19.8469,4.17744983,16.9996,1.33014983,15.5497,-0.11975017,13.7224,-1.94705017,12.6373,-3.03215017
11.75,-1.46,0.67,19.9051,4.23564983,16.9315,1.26204983,15.5087,-0.16075017,13.7772,-1.89225017,12.7137,-2.95575017
11.75,-1.48,0.57,20.2104,4.54094983,17.0863,1.41684983,15.4664,-0.20305017,13.4544,-2.21505017,12.3343,-3.33515017
12.93,-1.949,0.281,17.7202,4.079243007,14.9479,1.306943007,13.1947,-0.446256993,11.0348,-2.606156993,9.8387,-3.802256993
12.93,-2.016,0.212,17.375,3.734043007,14.6052,0.964243007,13.0823,-0.558656993,11.2083,-2.432656993,10.0745,-3.566456993
12.93,-1.905,0.082,17.5787,3.937743007,14.782,1.141043007,13.2481,-0.392856993,11.2342,-2.406756993,10.0898,-3.551156993
12.93,-1.994,0.41,17.3045,3.663543007,14.6363,0.995343007,13.5539,-0.087056993,11.8856,-1.755356993,10.8555,-2.785456993
12.93,-1.993,0.168,17.0173,3.376343007,14.7042,1.063243007,13.8049,0.163943007,12.3279,-1.313056993,11.3556,-2.285356993
12.93,-1.998,0.28,17.0827,3.441743007,14.7252,1.084243007,13.8983,0.257343007,12.3706,-1.270356993,11.4002,-2.240756993
12.93,-1.975,0.429,17.0285,3.387543007,14.7091,1.068143007,13.9846,0.343643007,12.6135,-1.027456993,11.6688,-1.972156993
12.93,-2.001,0.081,16.9769,3.335943007,14.7877,1.146743007,14.108,0.467043007,12.6828,-0.958156993,11.7522,-1.888756993
12.93,-2.01,0.38,16.8785,3.237543007,14.7256,1.084643007,14.1183,0.477343007,12.8668,-0.774156993,11.9603,-1.680656993
12.93,-2.023,-0.247,16.9015,3.260543007,14.8148,1.173843007,14.1452,0.504243007,12.7576,-0.883356993,11.8407,-1.800256993
12.93,-1.991,0.235,16.9592,3.318243007,14.8355,1.194543007,14.2222,0.581243007,12.9863,-0.654656993,12.0774,-1.563556993
12.93,-1.969,0.163,16.906,3.265043007,14.9878,1.346843007,14.4317,0.790743007,13.1138,-0.527156993,12.2095,-1.431456993
12.93,-1.993,0.046,16.8298,3.188843007,15.2297,1.588743007,14.8323,1.191343007,13.5762,-0.064756993,12.7201,-0.920856993
12.93,-1.927,0.118,17.0453,3.404343007,15.4711,1.830143007,15.1444,1.503443007,13.963,0.322043007,13.1081,-0.532856993
12.93,-2.01,0.401,17.1376,3.496643007,15.5291,1.888143007,15.3661,1.725143007,14.2106,0.569643007,13.3948,-0.246156993
12.93,-1.942,0.515,17.104,3.463043007,15.6131,1.972143007,15.3878,1.746843007,14.2214,0.580443007,13.403,-0.237956993
12.93,-1.895,0.488,17.1343,3.493343007,15.6764,2.035443007,15.4446,1.803643007,14.324,0.683043007,13.5164,-0.124556993
12.93,-1.991,0.42,17.103,3.462043007,15.7078,2.066843007,15.4919,1.850943007,14.3421,0.701143007,13.537,-0.103956993
12.93,-1.996,0.345,17.2632,3.622243007,15.6785,2.037543007,15.538,1.897043007,14.3733,0.732343007,13.5608,-0.080156993
12.93,-1.967,0.322,17.2278,3.586843007,15.7727,2.131743007,15.6057,1.964743007,14.4617,0.820743007,13.6682,0.027243007
12.93,-1.971,0.497,17.386,3.745043007,15.8966,2.255643007,15.806,2.165043007,14.6905,1.049543007,13.878,0.237043007
12.4,-0.824,0.477,19.1928,6.181957243,16.5698,3.558957243,15.5962,2.585357243,13.9489,0.938057243,12.9353,-0.075542757
12.4,-0.84,0.47,19.2677,6.256857243,16.5803,3.569457243,15.5509,2.540057243,13.9026,0.891757243,12.8632,-0.147642757
12.4,-0.862,0.462,19.3494,6.338557243,16.8012,3.790357243,16.0469,3.036057243,14.4814,1.470557243,13.4881,0.477257243
12.4,-0.817,0.424,19.6337,6.622857243,16.3647,3.353857243,15.0794,2.068557243,13.1719,0.161057243,12.0523,-0.958542757
12.4,-0.794,0.418,19.3601,6.349257243,16.8239,3.813057243,16.1054,3.094557243,14.5569,1.546057243,13.5968,0.585957243
12.4,-0.787,0.483,19.4102,6.399357243,16.841,3.830157243,16.1039,3.093057243,14.5656,1.554757243,13.5751,0.564257243
12.4,-0.832,0.366,19.173,6.162157243,16.7825,3.771657243,16.0054,2.994557243,14.4895,1.478657243,13.5442,0.533357243
12.4,-0.799,0.35,19.3735,6.362657243,16.5175,3.506657243,15.5432,2.532357243,13.8878,0.876957243,12.8411,-0.169742757
12.4,-0.837,0.383,19.3193,6.308457243,16.7897,3.778857243,16.0632,3.052357243,14.5331,1.522257243,13.5512,0.540357243
12.4,-0.803,0.367,19.1442,6.133357243,16.8548,3.843957243,16.0711,3.060257243,14.5787,1.567857243,13.6305,0.619657243
12.4,-0.75,0.352,19.2447,6.233857243,16.6615,3.650657243,15.8774,2.866557243,14.3123,1.301457243,13.3325,0.321657243
12.4,-0.773,0.474,19.2275,6.216657243,16.7445,3.733657243,16.0757,3.064857243,14.5534,1.542557243,13.5787,0.567857243
12.4,-0.856,0.325,19.2226,6.211757243,16.8853,3.874457243,16.1322,3.121357243,14.6015,1.590657243,13.6327,0.621857243
12.4,-0.824,0.476999998,19.1928,6.181957243,16.5698,3.558957243,15.5962,2.585357243,13.9489,0.938057243,12.9353,-0.075542757
12.4,-0.84,0.469999999,19.2677,6.256857243,16.5803,3.569457243,15.5509,2.540057243,13.9026,0.891757243,12.8632,-0.147642757
12.4,-0.862,0.462000012,19.3494,6.338557243,16.8012,3.790357243,16.0469,3.036057243,14.4814,1.470557243,13.4881,0.477257243
12.4,-0.817,0.423999995,19.6337,6.622857243,16.3647,3.353857243,15.0794,2.068557243,13.1719,0.161057243,12.0523,-0.958542757
12.4,-0.794,0.418000013,19.3601,6.349257243,16.8239,3.813057243,16.1054,3.094557243,14.5569,1.546057243,13.5968,0.585957243
12.4,-0.787,0.48300001,19.4102,6.399357243,16.841,3.830157243,16.1039,3.093057243,14.5656,1.554757243,13.5751,0.564257243
12.4,-0.832,0.365999997,19.173,6.162157243,16.7825,3.771657243,16.0054,2.994557243,14.4895,1.478657243,13.5442,0.533357243
12.4,-0.799,0.349999994,19.3735,6.362657243,16.5175,3.506657243,15.5432,2.532357243,13.8878,0.876957243,12.8411,-0.169742757
12.4,-0.837,0.382999986,19.3193,6.308457243,16.7897,3.778857243,16.0632,3.052357243,14.5331,1.522257243,13.5512,0.540357243
12.4,-0.803,0.367000014,19.1442,6.133357243,16.8548,3.843957243,16.0711,3.060257243,14.5787,1.567857243,13.6305,0.619657243
12.4,-0.75,0.351999998,19.2447,6.233857243,16.6615,3.650657243,15.8774,2.866557243,14.3123,1.301457243,13.3325,0.321657243
12.4,-0.773,0.474000007,19.2275,6.216657243,16.7445,3.733657243,16.0757,3.064857243,14.5534,1.542557243,13.5787,0.567857243
12.4,-0.856,0.324999988,19.2226,6.211757243,16.8853,3.874457243,16.1322,3.121357243,14.6015,1.590657243,13.6327,0.621857243
11.63,-1.53,0.50999999,20.3183,4.336589899,17.3845,1.402789899,15.9172,-0.064510101,14.0446,-1.937110101,12.9357,-3.046010101
11.63,-1.52,0.620000005,20.6071,4.625389899,17.5093,1.527589899,15.6933,-0.288410101,13.5861,-2.395610101,12.4118,-3.569910101
11.63,-1.6,0.439999998,19.7642,3.782489899,17.143,1.161289899,15.8802,-0.101510101,14.19,-1.791710101,13.1613,-2.820410101
11.63,-1.62,0.0,19.5162,3.534489899,17.4186,1.436889899,16.6642,0.682489899,15.2491,-0.732610101,14.3399,-1.641810101
11.63,-1.3,0.699999988,20.1182,4.136489899,17.5789,1.597189899,16.7723,0.790589899,15.2598,-0.721910101,14.3084,-1.673310101
11.63,-1.34,0.569999993,19.9016,3.919889899,17.6748,1.693089899,16.9593,0.977589899,15.5481,-0.433610101,14.6419,-1.339810101
11.63,-1.36,0.550000012,20.4544,4.472689899,17.5167,1.534989899,16.1723,0.190589899,14.2964,-1.685310101,13.2822,-2.699510101
11.63,-1.35,0.610000014,20.1931,4.211389899,17.4813,1.499589899,16.491,0.509289899,14.8906,-1.091110101,13.9074,-2.074310101
11.63,-1.61,0.229500584,19.5706,3.588889899,17.8246,1.842889899,17.3995,1.417789899,16.1634,0.181689899,15.3382,-0.643510101
12.98,-2.251,0.472,18.2652,3.116455407,17.0323,1.883555407,16.9113,1.762555407,15.8521,0.703355407,15.06,-0.088744593
12.98,-2.339,0.217,17.7903,2.641555407,15.871,0.722255407,15.1218,-0.026944593,13.7391,-1.409644593,12.8274,-2.321344593
12.98,-2.375,0.46,18.1705,3.021755407,15.5944,0.445655407,14.4617,-0.687044593,12.8518,-2.296944593,11.8413,-3.307444593
12.98,-2.273,0.075,17.8385,2.689755407,15.8054,0.656655407,15.1235,-0.025244593,13.7951,-1.353644593,12.8712,-2.277544593
12.98,-2.315,-0.014,17.7361,2.587355407,15.8142,0.665455407,15.119,-0.029744593,13.7614,-1.387344593,12.8459,-2.302844593
12.98,-2.352,0.127,17.9056,2.756855407,15.7146,0.565855407,14.9147,-0.234044593,13.4906,-1.658144593,12.5407,-2.608044593
12.98,-2.247,0.427,18.1008,2.952055407,16.7864,1.637655407,16.6362,1.487455407,15.5487,0.399955407,14.7553,-0.393444593
12.98,-2.361,0.262,17.9274,2.778655407,15.7292,0.580455407,15.0017,-0.147044593,13.612,-1.536744593,12.6722,-2.476544593
12.98,-2.32,0.411,18.0685,2.919755407,16.7609,1.612155407,16.6649,1.516155407,15.5815,0.432755407,14.7918,-0.356944593
12.98,-2.326,0.242,18.3045,3.155755407,15.6401,0.491355407,14.2351,-0.913644593,12.4222,-2.726544593,11.3209,-3.827844593
12.98,-2.332,0.466,18.1446,2.995855407,16.7978,1.649055407,16.7153,1.566555407,15.616,0.467255407,14.8267,-0.322044593
12.98,-2.291,0.297,18.0253,2.876555407,16.4827,1.333955407,16.2845,1.135755407,15.1357,-0.013044593,14.3044,-0.844344593
12.98,-2.41,0.268,17.936,2.787255407,16.4511,1.302355407,16.2392,1.090455407,15.0888,-0.059944593,14.2639,-0.884844593
12.98,-2.314,0.028,17.7739,2.625155407,15.9698,0.821055407,15.3644,0.215655407,14.0345,-1.114244593,13.1344,-2.014344593
12.98,-2.251,0.472000003,18.2652,3.116455407,17.0323,1.883555407,16.9113,1.762555407,15.8521,0.703355407,15.06,-0.088744593
12.98,-2.339,0.177511542,17.7903,2.641555407,15.871,0.722255407,15.1218,-0.026944593,13.7391,-1.409644593,12.8274,-2.321344593
12.98,-2.375,0.460000008,18.1705,3.021755407,15.5944,0.445655407,14.4617,-0.687044593,12.8518,-2.296944593,11.8413,-3.307444593
12.98,-2.273,0.075000003,17.8385,2.689755407,15.8054,0.656655407,15.1235,-0.025244593,13.7951,-1.353644593,12.8712,-2.277544593
12.98,-2.315,-0.014,17.7361,2.587355407,15.8142,0.665455407,15.119,-0.029744593,13.7614,-1.387344593,12.8459,-2.302844593
12.98,-2.352,0.103241502,17.9056,2.756855407,15.7146,0.565855407,14.9147,-0.234044593,13.4906,-1.658144593,12.5407,-2.608044593
12.98,-2.247,0.426999986,18.1008,2.952055407,16.7864,1.637655407,16.6362,1.487455407,15.5487,0.399955407,14.7553,-0.393444593
12.98,-2.361,0.214646569,17.9274,2.778655407,15.7292,0.580455407,15.0017,-0.147044593,13.612,-1.536744593,12.6722,-2.476544593
12.98,-2.32,0.411000013,18.0685,2.919755407,16.7609,1.612155407,16.6649,1.516155407,15.5815,0.432755407,14.7918,-0.356944593
12.98,-2.326,0.198142117,18.3045,3.155755407,15.6401,0.491355407,14.2351,-0.913644593,12.4222,-2.726544593,11.3209,-3.827844593
12.98,-2.332,0.465999991,18.1451,2.996355407,16.7972,1.648455407,16.7141,1.565355407,15.6124,0.463655407,14.8234,-0.325344593
12.98,-2.291,0.243529363,18.0253,2.876555407,16.4827,1.333955407,16.2845,1.135755407,15.1357,-0.013044593,14.3044,-0.844344593
12.98,-2.41,0.219597916,17.936,2.787255407,16.4511,1.302355407,16.2392,1.090455407,15.0888,-0.059944593,14.2639,-0.884844593
12.98,-2.314,0.028000001,17.7739,2.625155407,15.9698,0.821055407,15.3644,0.215655407,14.0345,-1.114244593,13.1344,-2.014344593
13.06,-2.303,0.389,18.5873,3.950961596,17.673,3.036661596,17.9063,3.269961596,17.0129,2.376561596,16.3584,1.722061596
13.06,-2.32,-0.321,17.0007,2.364361596,15.361,0.724661596,14.9404,0.304061596,13.7692,-0.867138404,12.9325,-1.703838404
13.06,-2.427,0.611,17.2411,2.604761596,16.0253,1.388961596,16.0327,1.396361596,15.032,0.395661596,14.3096,-0.326738404
13.06,-2.352,0.476,17.5473,2.910961596,16.4135,1.777161596,16.4171,1.780761596,15.4489,0.812561596,14.7378,0.101461596
13.06,-2.405,0.061,17.0818,2.445461596,15.1691,0.532761596,14.6074,-0.028938404,13.3218,-1.314538404,12.4677,-2.168638404
13.06,-2.361,-0.235,17.207,2.570661596,15.0218,0.385461596,14.1703,-0.466038404,12.7613,-1.875038404,11.8368,-2.799538404
13.06,-2.401,-0.285,17.1079,2.471561596,14.8737,0.237361596,13.8,-0.836338404,12.2793,-2.357038404,11.3267,-3.309638404
13.06,-2.303,0.388999999,18.5873,3.950961596,17.673,3.036661596,17.9063,3.269961596,17.0129,2.376561596,16.3584,1.722061596
13.06,-2.32,-0.32100001,17.0007,2.364361596,15.361,0.724661596,14.9404,0.304061596,13.7692,-0.867138404,12.9325,-1.703838404
13.06,-2.427,0.611000001,17.2411,2.604761596,16.0253,1.388961596,16.0327,1.396361596,15.032,0.395661596,14.3096,-0.326738404
13.06,-2.352,0.476000011,17.5473,2.910961596,16.4135,1.777161596,16.4171,1.780761596,15.4489,0.812561596,14.7378,0.101461596
13.06,-2.405,0.061000001,17.0818,2.445461596,15.1691,0.532761596,14.6074,-0.028938404,13.3218,-1.314538404,12.4677,-2.168638404
13.06,-2.361,-0.234999999,17.207,2.570661596,15.0218,0.385461596,14.1703,-0.466038404,12.7613,-1.875038404,11.8368,-2.799538404
13.06,-2.401,-0.284999996,17.1079,2.471561596,14.8737,0.237361596,13.8,-0.836338404,12.2793,-2.357038404,11.3267,-3.309638404
13.06,-2.24,0.33,17.5463,2.909961596,15.0135,0.377161596,13.7815,-0.854838404,12.1057,-2.530638404,11.0919,-3.544438404
13.06,-2.4,0.11,17.1079,2.471561596,14.8737,0.237361596,13.8,-0.836338404,12.2793,-2.357038404,11.3267,-3.309638404
13.06,-2.27,0.18,17.749,3.112661596,15.1257,0.489361596,13.4749,-1.161438404,11.7532,-2.883138404,10.626,-4.010338404
